id,name,romaji,url
1219,アイデアポケット,idea_pocket,http://www.ideapocket.com/
1227,アタッカーズ,attackers,http://www.attackers.net/
1398,ドグマ,dogma,http://www.dogma.co.jp/
1509,ムーディーズ,moodyz,http://www.moodyz.com/
1548,レッド,red,https://www.r-e-d.jp/
2376,オペラ,opera,
2445,ランク10国,rank10,
2661,マドンナ,madonna,https://www.madonna-av.com/
3131,カルマ,karma,
3152,エスワン ナンバーワンスタイル,s1no1,http://www.s1s1s1.com/
3254,HAMEX,hamex,
3255,Air control,aircon,http://www.i-dol.tv/
3783,クロス,cross,
3784,エムズビデオグループ,mvg,http://www.mvg.jp/
3890,プレミアム,premium,http://premium-beauty.com/
3925,しのだ,sinoda,
4236,大蔵映像,ookuraeizou,
4468,ひまわり企画,himawarikikaku,
4469,kawaii,kawaii,https://www.kawaiikawaii.jp/
4500,未満,miman,
4523,BEAUTY,beauty,
4551,激弾カーニバル,gekidan_carnival,
4552,P☆MAX,p_max,
4553,MARIA,maria,
4555,BRAVO,bravo_m,
4581,kira☆kira,kirakira,http://www.kirakira-av.com/
4582,NEO ATLAS,neoatlas,
4583,無印ムービー,mujirusi_goemon,
4584,JOY,joy,
4585,A-BOX,a_box,
4608,メガロポリス,megalopolis,
4641,ダスッ！,das,http://www.dasdas.jp/
4643,NANIWA,naniwa_02,
4676,Get Some Action,getsomeaction,
4725,ANIMALIJO,animalijo,
4726,エンパイヤーピクチャーズ,empire,
4775,ナチュラルエムツー,naturalm2,
4776,エッジ,edge_logo,
4777,北川プロ,kitagawap,
4802,幻奇,genki,
4803,信長ファクトリー,nobunaga,
4804,NIRVANA,nirvana,
4808,中嶋興業,nakajimakogyo,
4809,ミル,milu,
4833,カッコイイ！,kakkoii,
4834,大塚フロッピー,ootuka,
4835,TRANS CLUB,transclub,
4836,SHEMALE a la carte,shemalealacarte,
4837,HYPER240,hyper240,
4864,無垢,muku,http://www.muku.tv/
4865,Men’s Heaven,mens_heaven,
4986,若松映像,wakamatu,
5009,BRAVO/ミスターインパクト,mr_impact,
5032,E-BODY,,http://www.av-e-body.com/
5034,アートモード,artmode,
5061,オーロラプロジェクト・アネックス,,
5130,熟女愛好会,zyukuzyoaikoukai,
5183,フリー,free,
5184,グラフィティジャパンJr,graphityjapanjr,
5210,アンナと花子,anna,
5237,Kichu,kichu,
5238,OPPAI,oppai,http://www.oppai-av.com/
5288,Groove Girls,groovegirls,
5314,もっこりテレビ,moccori,
5337,ダイナマイトエンタープライズ,dynamite,
5338,乱丸,ranmaru,http://www.ran-maru.com/
5413,胸キュン喫茶,munekyunkissa,
5414,熟ドラ,,
5456,MUTEKI,muteki,https://www.mutekimuteki.com/
5486,BeFree,befree,http://www.befreebe.com/
5487,趣向倶楽部プラス/妄想族,syukouclub,
5518,UGANDA,uganda,
5534,ABC/妄想族,abc,
5552,痴女ヘブン,bi,http://www.bi-av.com/
5584,竜宮城,ryugujyo,
5587,ヴァルディー,valdee_mousou,
5603,エロマ,eroma_mousou,
5604,スナイパー/妄想族,sniper_goemon,
5606,嵐を呼ぶスーパーガール,arasi,
5607,HATSUDORI,hatsudori,
5622,GUNMU本舗,gunmu_goemon,
5626,美学,bigaku_mousou,
5644,Steal,steal_goemon,
5645,ヴァルディー（盗撮）/妄想族,valdee_goemon,
5648,百花美人,100kabijin,
5665,ROOKIE,rookie,http://www.rookie-av.jp/
5669,EROS HEARTS,eroshearts,
5699,VENUS,venus,
5700,LOVERSOUL,,
5701,EYEBOX/妄想族,eyebox_goemon,
5714,ARK,ark,
5715,ARDEN,arden,
5716,FUTURE,future,
5788,Close Market/妄想族,close_market_aav_m,
5789,Close Market AAV（盗撮）/妄想族,close_market_aav_g,
5791,エンペラー/妄想族,emperor_mousouzoku,
5792,無言/妄想族,mugon_mousouzoku,
5793,ケラ工房,kerakobo,
5809,Infection,infection,
5825,女尻,womanships,
5826,PS,ps_mousouzoku,
5827,U-18盗撮団/妄想族,undersettoudan,
5860,極盗/妄想族,kyokutou_goemon,
5862,だるまや,darumaya,
5864,おやじPrivate,oyaji_suppin,
5877,東京スペシャル,tokyospecial,
5922,サポっ娘倶楽部,sapokkoclub_suppin,
5924,ゲロニア/妄想族,geronia_mousouzoku,
5938,Pile Driver,pile_driver,
5957,LOOK,look_goemon,
5961,Fantasista,fantasista,
5994,ジェントルマン/妄想族,jyentoruman_mousou,
5996,STYLEWORLD/妄想族,styleworld_mousou,
6009,Asia/妄想族,asia_mousou,
6010,スパルタン/妄想族,suparutan_mousou,
6012,JINFA/妄想族,jinfa,
6029,DIVA/妄想族,diva,
6032,ZOOM,zoom,
6033,奉行,bugyou_goemon,
6048,Fetishist/妄想族,fetishist_mousou,
6049,ゴールドエンペラー/妄想族,goldemperor_mousou,
6103,無印ムービー関西版,mujirushikansai_goemom,
6118,土偶,dogu_mousouzoku,
6153,Belinda,belinda,
6171,Grave/妄想族,grave,
6172,アートビデオSM/妄想族,art,
6173,ルシファー,lucifer,
6176,ミーファ,mifa,
6208,Carlisle,carlisle_mousou,
6210,ボンボンチェリー/妄想族,bonboncyeri_mousou,
6226,エメラルド映像,emerarudo_mousou,
6228,N-MAX,nmax,
6229,Private Eye,private_eye_goemon,
6260,のぞき見マウス,nozokimi_goemon,
6276,脱糞生活,dahhunseikatu,
6277,Fetish Box/妄想族,fetishboxout,
6279,パンじみ/妄想族,panjimi,
6280,斬る,kiru,
6282,KABUKI,kabuki,
6283,小岩ムービー/妄想族,koiwa,
6288,桃源郷,tougenkyo,
6289,素人！ガチンコ・ハンター,gachinko_hunter,
6290,石川/妄想族,isikawa,
6292,ローグ・プラネット（フェチ）/妄想族,r_planet,
6293,フルーツカクテル,fc,
6294,ムラムラ,muramura,
6295,色眼鏡/妄想族,sikigankyou,
6296,ローグ・プラネット,r_planet,
6300,手淫倶楽部,suin,
6302,名無しさん,nanasisan,
6303,東京マニGUN’S,tokyo_maniguns,
6304,本中,honnaka,https://www.honnaka.jp/
6305,源五郎/妄想族,gengorou,
6306,幼獄LiTE/妄想族,yougokulight,
6307,赤ほたるいか/妄想族,akahotaruika,
6308,ゑびすさん/妄想族,ebisu,
6309,TABOO,taboo,
6311,光源氏,hikarugenji,
6312,ALL,all,
6313,ラハイナ食堂,lahaina,
6320,JUPITER,jupiter,
6321,Milf/妄想族,milf,
6322,Sweet Cat,sweetcat,
6324,松下一夫プレミアム,matusita_kazuo,
6325,Fairy Angels,fairyangels,
6326,モンク,monk,
6327,激情,gekijou,
6328,Pazzo（フェチ）/妄想族,pazzo,
6329,Fitch,fitch,https://www.fitch-av.com/
6330,幼誘監本舗/妄想族,youyuukan,
6331,ソウル魂,sourudamashi,
6332,TAKE工房PLUS/妄想族,take,
6333,オトコノ娘LOVE/妄想族,otokono,
6334,極ロリCLUB/妄想族,gokuloli,
6336,アイ映像,aieizou,
6337,ブロッコリー/妄想族,broccoli,
6338,ダイアナ,diana,
6339,S-CHANNEL/妄想族,schannel,
6340,Pacific Sun,pashifikusan,
6341,HERO,hero,
6342,素人館,shirotokan,
6343,ラビリンス,labyrinth,
6344,フェチマニアック映像制作所/妄想族,fetimania,
6345,ぽちゃぷり/妄想族,pochapuri,
6347,GLAY’z IMPACT,,
6349,暗闇/妄想族,kurayami,
6350,キチックス/妄想族,kitikkusu,
6351,ミニマム,minimum,
6353,隷嬢寫眞館EX/妄想族,reijoh_ex,
6357,盗族/妄想族,touzoku,
6358,GOSSIP,gossip,
6359,ハリケーン,hurricane,
6360,MOTHERS ENTERTAINMENT PICTURES,mothers_entertainment_pictures,
6361,えっちな娘,h_na_musume,
6362,黒羊/妄想族,kurohituzi,
6363,メガサイクロン/妄想族,mega_cyclone,
6364,PileDriverZ,pile_driverz,
6365,Money Maker,money_maker,
6366,排泄菊門会,haisetu_kikumonkai,
6368,催眠研究所別館,saimin_kenkyuuzyo_bekkan,
6370,オールアダルトジャパン,av30,
6371,Pazzo,pazzo,
6372,OYSTER,oyster,
6373,セレブの友,celebrity_sex_friends,
6374,巨宝/妄想族,kyohou,
6375,姦乱者,kanransya,
6377,CMP,cmp,
6379,加護写真事務所/妄想族,kagosyasinzimusyo,
6380,ゆり★ゆり,yuriyuri,
6381,CREAM PIE,cream_pie,
6382,ズッコン/バッコン,,
6386,官能映像舎,kannou_eizou_sya,
6387,DMMオリジナル,,
6388,lemix/妄想族,lemix,
6392,MEGAMI,megami,
6393,変態紳士倶楽部,hentai_sinsiclub,
6394,BD,basarabd,
6395,Y’s OFFICE,ysoffice,
6396,糞鬼,kusooni,
6400,Lady Boy/妄想族,ladyboy,
6401,PSYCHEDELIC PUPPET,psychedelic_puppet,
6404,LABO/妄想族,labo,
6405,お願い。,onegai,
6406,ファイズ,faiz,
6407,濡壺/妄想族,nuretsubo,
6412,ブリード,,
6413,フォーディメンション/エマニエル,fourdimension,
6415,婦人社/エマニエル,fujinsya,
6416,香澄企画/エマニエル,kasumikikaku,
6417,DX/エマニエル,dxemanieru,
6418,ALL/エマニエル,,
6420,SA,,
6426,赤い弾丸/エマニエル,akaidangan,
6428,マンドリル/エマニエル,mandoriru,
6429,Matrix-Films,,
6430,熟工房/エマニエル,,
6431,Milu,,
6436,熟ドラ/エマニエル,jyukudora,
6437,ガガ・ダッシュ！,,
6438,熟女塾/エマニエル,jyukujyojyuku,
6439,LADY★BABA/エマニエル,lady_baba,
6440,WIFE/エマニエル,wife,
6441,貴婦人族/エマニエル,kifujinzoku,
6444,JJ,,
6445,熟女JAPAN/エマニエル,jyukujyo_japan,
6446,赤鬼,,
6448,はないちもんめ/エマニエル,hanaitimonme,
6450,蜜月,mitugetu,
6451,JOKER/妄想族,joker,
6452,オプルン/妄想族,opurun,
6453,カイザ,kaixa,
6454,コチョ/妄想族,kocho,
6455,アングラ/妄想族,angura,
6457,キャンディ,candy2,
6458,綜実社/妄想族,soujitusya,
6459,DOT/妄想族,dot,
6460,コロ蔵/妄想族,korozou,
6461,抜玉/エマニエル,nukidama,
6464,女装っ娘倶楽部/妄想族,josoukko,
6465,読モ,dokumo,
6466,帝国映像社,teikokueizousya,
6468,Misty Moon,mistymoon,
6469,ロリマン/妄想族,roriman,
6470,デヴィ/エマニエル,devi,
6471,艶熟/エマニエル,enjuku,
6472,人妻不倫寝取られサークルNTR連絡会/妄想族,netorare,
6473,CHANGE,change,
6476,Chi-Chi/妄想族,chichi,
6477,熟宴/エマニエル,jukuen,
6478,AV,av,
6479,Real Shodo,realshodomousou,
6480,舞ワイフ/妄想族,mywifemousou,
6481,MTK,,
6482,巨神/妄想族,kyogin,
6485,D☆Collection,dcollection,
6486,MEGA BOX/妄想族,megabox,
6487,ラマコス/妄想族,lamacos,
6488,レズれ！,lesre,
6489,極フェチ,gokufeti,
6490,cosmo/妄想族,cosmo,
6491,美男ステージ/妄想族,bidanstage,
6492,山と空,yamatosora,
6493,熟女はつらいよ,jyukujyohaturaiyo,
6494,Camel-T/妄想族,camelt,
6495,MANJIRO/エマニエル,mnjiro,
6496,青鬼/妄想族,aooni,
6497,デモンズ/妄想族,demons,
6498,洋炉/妄想族,euro,
6499,黒子/エマニエル,kuroko,
6500,BACK DROP,backdrop,
6501,teamZERO,teamzero,
6502,ホワイトリリー/妄想族,whitelily,
6503,学性服/妄想族,gakuseihuku,
6504,世田谷マーベラス/妄想族,setagaya,
6506,秘密/妄想族,himitsu,
6509,レボリューション/妄想族,revolution,
6510,ナンパJAPAN,nanpa_japan,
6511,natural film/妄想族,naturalfilm,
6512,美人魔女,bizinmazyo,
6513,Pandora’s Box,pandorasbox,
6514,スーパーフリー/妄想族,superfree,
6515,熟の蔵/エマニエル,jukunokura,
6516,スタジオライブ/妄想族,studiolive,
6518,Doスケベ/妄想族,dosukebe,
6520,アイ企画/妄想族,aikikaku,
6521,Belinda/妄想族,,
6522,TEPPAN,teppan,
6523,エニシング/妄想族,enishingu,
6524,ビビアン,bibian,http://www.bibian-av.com/
6525,ミセスの素顔/エマニエル,misesunosugao,
6526,JUMP EMERALD/妄想族,jumpemerald,
6527,P-PROJECT/妄想族,p_project,
6528,バンビーナ・IF/妄想族,banbinaif,
6529,特撮連合,tokusaturengou,
6530,AV OPEN,,
6531,F-FACTORY/妄想族,f_factory,
6532,glovefetish/妄想族,glovefetish,
6533,レジーナ・IF/妄想族,,
6534,サターン/妄想族,,
40001,ナチュラルハイ,natural_h,
40003,ディープス,deeps,http://www.deeps.net/
40004,アイエナジー,ienergy,
40005,ワープエンタテインメント,waap,http://www.waap.co.jp/
40006,ワンズファクトリー,wanz_f,http://www.wanz-factory.com/
40007,オーロラ,aurora,
40008,みるきぃぷりん♪,milkyprin,
40011,アクトネット,actnet,
40012,アロマ企画,aroma,http://www.aroma-p.com/
40013,グレイズ,glayz,
40014,グローリークエスト,glory_q,http://www.gloryquest.tv/
40016,桃太郎映像出版,momotaro,https://www.indies-av.co.jp/
40018,ルビー,ruby,
40019,タカラ映像,takara,
40022,アウダースジャパン,audaz,
40024,U＆K,u_and_k,
40025,ドリームチケット,dream_t,http://www.dt01.co.jp/
40027,h.m.p,hmp,http://hmp.jp/
40028,V＆Rプランニング,v_and_r,
40030,アトラス21,atlas,
40032,HRC,hrc,
40033,KUKI,kuki,
40034,グラフィティジャパン,graphityjapan,
40035,クリスタル映像,crystal,http://www.crystal-eizou.jp/
40036,KTファクトリー,kt_factory,
40037,シネマジック,cine_magic,
40038,シャイ企画,syai_kikaku,
40039,アリスJAPAN,alice_j,http://www.alicejapan.co.jp/
40041,TMA,tma,http://www.tma.co.jp/
40042,トライハート,try_heart,
40043,ビッグモーカル,big_morkal,http://www.bigmorkal.com/
40045,ホットエンターテイメント,hot_e,http://www.hot-et.com/
40046,マックスエー,maxa_logo,http://www.max-a.co.jp/
40047,メディアステーション,media_stastion,
40048,メディアバンク,media_bank,
40051,ロイヤルアート,roial,
40052,笠倉出版社,kasakura,
40053,現映社,geneisha,
40064,ベガファクトリー,vega,
40067,VIP,vip,
40068,パラダイスTV,ptv,
40070,マルクス兄弟,marks_brothers,
40071,ケイ・エム・プロデュース,kmp,http://www.km-produce.com/
40072,ハヤブサ,hayabusa,
40074,ジャネス,janes,
40077,AVS collector’s,avs_02,
40080,メビウスエンターテイメント,mebius,
40081,アリーナエンターテインメント,arena,
40082,ラハイナ東海,rahaina,
40086,エーピーエー,apa,
40106,アルファーインターナショナル,alpha_international,
40107,ブレーントラストカンパニー,brain,
40121,LEO,leo,
40135,クロスワールド,cross_world,
40136,プレステージ,prestige,http://www.prestige-av.com/
40143,Shuffle,shuffle,
40145,ゴーゴーズ,gogos,
40146,ウエストメディア,west_media,
40147,はじめ企画,hazime,
40150,グローバルメディアエンタテインメント,global,
40159,アカデミック,academic,
40160,アテナ映像,athena,
40161,アリウス,arrius,
40162,コロナ社,corona,
40163,シュガーワークス,sugarworks,
40166,ビースバル,b_subaru,
40169,東京音光,tokyoonkou,
40170,メディア・アーツ,media_arts,
40177,サイドビー,sideb,
40178,TMクリエイト,tmcreate,
40183,大洋図書,taiyohtosho,
40185,レアルワークス,real,
40192,サンセットカラー,sunset,
40194,アートビデオ,artvideo_logo,
40297,ミスター・インパクト,mrimpact,
40298,スカイハイエンターテイメント,skyhigh,
40303,ヴィ,vi,
40304,セクシア,sexia,
45003,スタイルアート/妄想族,styleart_logo,
45016,センタービレッジ,centervillage,
45017,ドリームステージ,dreamstage,
45037,AFRO-FILM,afrofilm,
45039,ラストラス,lustrous,
45047,ピースメーカー,peace_maker,
45048,なにわ書店,naniwa,
45050,シネマユニット・ガス,gas,
45051,イエロー,ierou,
45052,プールクラブ・エンタテインメント,poolclub,
45054,エイチ・エス映像,hs_eizo,
45058,レイディックス,radix,
45059,デジタルアーク,digitalark,http://www.digital-ark.com/
45061,映天,eiten,
45099,光夜蝶,kouyatyou,
45103,溜池ゴロー,tameikegorou,
45110,実録出版,ziturokusyuppan,
45126,ピエロ,pierrotlogo,
45131,レイフル,layfull,
45134,I.B.WORKS,ibworks,
45144,オンエアー,on_air,
45146,オメガゼロ,omegazero,
45147,タイガーマイスターズ,tiger_meisters,
45149,ゴリラプロジェクト,gorilla,
45165,ピーターズ,peters,
45168,V＆Rプロダクツ,v_r,
45176,ブリット,bullet,
45195,小林興業,kobayasikougyou,
45196,ロータス,lotus,
45207,YSO,yso,
45215,FAプロ・プラチナ,fapro,
45216,なでしこ,nadeshiko,
45217,マキシング,maxing,http://www.maxing.jp/
45230,フォーエバー,forever2,
45237,ステージメディア,stagemedia,
45238,スティルワークス,still_works,
45241,チェリーズ,cherries,
45242,ケー・トライブ,k_tribe,
45249,ながえスタイル,nagae_style,
45250,GOS,gos,
45255,モブスターズ,mobsters,
45262,プラム,plum,
45263,WEEKENDER,weekender,
45264,Yellow Duck,yellowduck,
45276,SODクリエイト,sod_create,http://sodc.co.jp/
45277,ヒビノ,hibino,
45278,モデスト,modesuto,
45280,R＝BOOT,boot,
45281,NON,non,
45283,WOMAN,woman,
45286,DANDY,dandy,http://www.choi-waru.com/
45287,Hunter,hunter,http://www.hunter-pp.jp/
45289,アキノリ,aknr,http://www.aknr.com/
45290,michiru,michiru,
45292,CONTACT,contact,
45302,OFFICE K’S,office_ks,
45306,アマチュアバンク,amaban,
45313,アップス,ups,
45315,silvia,silvia,
45317,スカッド,scud,
45318,To-MAX,tomax,
45319,龍谷 Dragon Valley,,
45320,盗撮天国,tousatutengoku,
45321,大久保ヤンキース,okuboyankees,
45326,ユープランニング,youplan,
45329,無敵会,mutekikai,
45330,趣向倶楽部,syukou_club,
45331,ティファ・コーポレーション,tifa,
45337,HMJM,hmjm,
45338,GIGA,giga,
45339,豊彦,toyohiko,
45340,BabyEntertainment,babyentertainment,
45346,タオ,tao,
45351,信州書店,shinsyuu_syoten,
45356,サディスティックヴィレッジ,sadistic_village,
45360,ソルト・ペッパー,saltpepper,
45366,フリーダム,freedom,
45367,ギャロップ,gallp,
45371,ROCKET,rocket,http://www.rocket-inc.net/
45387,ヤブサメグラフィティ,yabusame,
45394,忍,shinobi,
45397,SEX Agent,sexagent,
45412,JUMP,jump,
45414,S-Cute,scute,
45416,ラマ,rama,
45424,鶴亀ドラゴンズ,dragonz,
45425,プラネットプラス,pulanettoplus,
45427,エー・ビー・エンターテイメント,ab_entertainment,
45428,BNS,bns,
45429,C＆H,candh,
45430,CORE,core,
45434,S級素人,skyu_sirouto,
45438,エロ人形レーベル,erodoll,
45441,サテンドール,satindoll,
45450,STAR PARADISE,starparadise,
45452,BUMPエンターテイメント,bump,
45453,ピュアネスプラネット,purenessplanet,
45455,人間考察,ningenkousatu,
45457,NEXT GROUP,next_group,https://next11.co.jp/
45460,LADY×LADY,ladylady,
45466,白水力事務所,hakusuiriki,
45467,チーム川崎,team_kawasaki,
45468,海亀,umikame,
45470,兼慎アート,zone,
45474,Close Market,closemarket,
45475,ANGELA,angela,
45476,虎堂,kodou,
45483,C-Format,c_format,
45486,プリモ,primo,
45489,サムシング,samusing,
45490,MAD,mad,
45492,INAZUMA,inazuma,
45494,アストロシステムジャパン,astro,
45500,JUICY HONEY,juicyhoney,
45504,GARCON,garson,
45507,eighteen,eighteen,
45519,BAGUS,bagus,
45521,マニアゼロ,mania_zero,
45522,青空ソフト,aozora_soft,
45524,グリッターフィルムズ,glitter,
45525,ファーストビジョン,firstvision,
45528,尻有 （シリアル）,siriaru,
45529,半田出版,handa_shupan,
45530,スターシップエンターテイメント,starship,
45531,女体探究凌辱研究所,nyotaitankyuu,
45532,スターゲート,stargate,
45534,ロリ満乳レーベル,rorimannyuu,
45540,Magic6,magic6,
45542,Desir,desir,
45543,サクラ,sakura,
45544,ロリ学園 （YSO）,rori_gakuen,
45545,学園舎,gakuensha,
45546,穴,ana,
45549,ヴィーナスコミュニケーションズ,venus_communications,
45553,亀,kame,
45556,あたご屋,atagoya,
45562,AROUND,around,
45565,SPLASH,splash,
45566,REbecca,rebecca,
45569,ゴマブックス,goma_books,
45571,トップマーシャル,top_marshal,
45574,BRAD-J,bradj,
45580,HARD,hard,
45583,SILK LABO,silk_labo,
45586,関西マニア倶楽部,kmc,
45587,EXCELSEEK,excelseek,
45588,NCTR,tract,
45590,デジワークス,digiworks,
45591,ケイネットワーク,,
45592,garo*,garo,
45598,ルンルンレーベル,lunlun,
45599,e-muse,,
45600,アクシオ,akusio,
45625,リバイバル,revival,
45646,ホットスパイス,hotspice,
45649,ex,ex,
45656,代々木映像,yoyogieizou,
45664,apple Club,apple_club,
45665,ROUBLE,rouble,
45667,EROTICA,erotica,
45668,ヴィクトリア,victoria,
45671,メスブタ.com,mesubuta,
45674,ウブ,ubu,
45675,福岡素人映像社,fukuoka,
45691,催眠研究所,saiminkenkyujo,
45700,バルタン,baltan,http://baltan-av.com/
45701,Fプロジェクト,fproject,
45716,GOLDEN CANDY,golden_candy,
45732,淫花帝国,inka,
45735,GALLOP,gallop,
45737,カマタ映像,kamataeizou,
45748,マンボウ,manbou,
45749,hot lips,hotlips,
45751,私欲素人動画,shiyoku,
45752,First Star,firststar,
45758,ATOM,atom,http://www.a-t-o-m.jp/
45791,バリュー980,,
45792,theQ,theq,
45793,MIJ,mij,
45802,Japonism,japonism,
45807,ワンダフル（ONE DA FULL）,onedafull,
45831,F＆A,fa,
45837,スクープ,scoop,
45842,清水清太郎,,
45843,チャットガール,chatgirl,
45852,素人屋,shiroutoya,
45867,unfinished,unfinished,
45883,Mellow Moon,mellowmoon,
45887,new girl,newgirl,
45891,Image Avenue,image_avenue,
45906,impact,impact,
45911,プリンセスM,princessm,
45914,SWITCH,switch,
45918,VTV,vtv,
45921,ボリューミー,volumy,
45928,マダムス,madams,
45941,MGM,mgm,
45943,セブン,seven,
45950,ぼたん劇場,botan,
45961,つちのこシンデレラ,tsuchicin,
45968,ゲンエキ,geneki,
45985,メーテルホルモン,maetelhormone,
45991,Edgecution,edgecution,
45992,アパッチ（デマンド）,apache,http://www.apa-av.jp/
45998,コンテンツパートナーズ,c_partners,
45999,INTEC Inc,intec,
46003,ラ・コビルナ,la_coviluna,
46006,アクティブクリエイト,,
46015,ピーターズMAX,petersmax,https://pea-tv.jp/
46024,東京ティンティン＋,tokyo_tintin,
46031,GOT,got,
46034,トルネードピクチャー,tndp,
46037,クィーンロード,queenroad,
46038,（有）群雄社,gunyusya,
46047,SOSORU,sosoru,
46051,人妻日記,hitozumanikki,
46060,G-HISTORY,ghistory,
46068,アップソン,upson,
46073,コブラツイスト,cobratwist,
46074,オルガ,omega,http://www.orga-av.jp/
46098,ブレスト,brast,
46103,ONE GENERATION,onegeneration,
46105,マザー,mother,
46113,ワニッチ,waniche,
46115,コスモス映像,cosmoseizou,http://www.choi-waru.com/
46116,M男パラダイス,moparadise,
46122,マニア9,maniac,
46130,まる秘,,
46135,STUDIO2.5,studio,
46137,MISTER,mister,
46140,ZIZ,ziz,
46153,Pandora,pandora,http://pandora-av.com/
46155,ビジョンイノベーション,visioninnovation,
46165,ジュエル,jueru,
46166,ホイップ,whip,
46172,Milkyprin♪,milkyprin,
46173,AVM,,
46174,パープル,,
46176,GIGOLO（ジゴロ）,gigolo,
46177,煌KIRAMEKI,kirameki,
46204,HUSTLER（ハスラー）,hustler,
60109,スパイスビジュアル,spice,
60312,コンセント,consent,
60381,ターンテーブル,turntable,
60438,サンクチュアリ,sankutyuari,
60457,QH映像,qh,
60472,グラマラスキャンディ,,
60492,写女,syame,
66009,メディアブランド,media_bland,
66056,ATTACK ZONE,attackzone,
66161,デジタル・クライス,digitalkreis,
66211,彩文館出版,saibunkan,
66230,ギルド,guild,
66313,SHINING STAR,shiningstar,
66316,gRowup,growup,
66317,マックス,max,
66318,松本企画,,
66321,Grass Wall,grasswall,
66341,エスデジタル,,
